County,Precinct,Reg_Voters,DEM_Votes,REP_Votes,OTHER_Votes
Allendale,ALLENDALE #1,1134,427.8791284800277,94.0606951409303,0.0
Allendale,ALLENDALE #2,1215,470.7990662286011,37.993601936711045,1.0
Allendale,FAIRFAX #1,609,222.21286529482967,87.53259553864777,0.0
Allendale,FAIRFAX #2,1154,475.0568908870829,71.53795607816012,0.0
Allendale,MARTIN,285,171.53311430053606,28.800968355524816,0.0
Allendale,SYCAMORE,336,112.18640843852673,128.01798374546084,0.0
Allendale,ULMER,200,72.77762407055161,49.77260937229811,0.0
Allendale,WOODS,850,336.55490229984434,110.28358983226698,0.0
